{
  "project_info": {
    "project_number": "208219734723",
    "project_id": "translator-app-38c06",
    "storage_bucket": "translator-app-38c06.appspot.com"
  },
  "client": [
    {
      "client_info": {
        "mobilesdk_app_id": "1:208219734723:android:be87a32850224d7153d876",
        "android_client_info": {
          "package_name": "com.example.myapplication"
        }
      },
      "oauth_client": [],
      "api_key": [
        {
          "current_key": "AIzaSyAmcRSLz9C8AfLj82m7UVw6pL2r0MQnwdk"
        }
      ],
      "services": {
        "appinvite_service": {
          "other_platform_oauth_client": []
        }
      }
    }
  ],
  "configuration_version": "1"
}